Cultivo,Metodo,Nutriente,pH_clase,Eficiencia
Maiz,Enterrado,Nitrogeno,Muy acido,
Maiz,Enterrado,Nitrogeno,Acido,
Maiz,Enterrado,Nitrogeno,Neutro,0.5
Maiz,Enterrado,Nitrogeno,Basico,
Maiz,Enterrado,Nitrogeno,Muy basico,
Maiz,Enterrado,Fosforo,Muy acido,
Maiz,Enterrado,Fosforo,Acido,
Maiz,Enterrado,Fosforo,Neutro,0.5
Maiz,Enterrado,Fosforo,Basico,
Maiz,Enterrado,Fosforo,Muy basico,
Maiz,Enterrado,Potasio,Muy acido,
Maiz,Enterrado,Potasio,Acido,
Maiz,Enterrado,Potasio,Neutro,0.5
Maiz,Enterrado,Potasio,Basico,
Maiz,Enterrado,Potasio,Muy basico,
Maiz,Enterrado,Calcio,Muy acido,
Maiz,Enterrado,Calcio,Acido,
Maiz,Enterrado,Calcio,Neutro,0.5
Maiz,Enterrado,Calcio,Basico,
Maiz,Enterrado,Calcio,Muy basico,
Maiz,Enterrado,Magnesio,Muy acido,
Maiz,Enterrado,Magnesio,Acido,
Maiz,Enterrado,Magnesio,Neutro,0.5
Maiz,Enterrado,Magnesio,Basico,
Maiz,Enterrado,Magnesio,Muy basico,
Maiz,Enterrado,Azufre,Muy acido,
Maiz,Enterrado,Azufre,Acido,
Maiz,Enterrado,Azufre,Neutro,0.5
Maiz,Enterrado,Azufre,Basico,
Maiz,Enterrado,Azufre,Muy basico,
Maiz,Pateado,Nitrogeno,Muy acido,
Maiz,Pateado,Nitrogeno,Acido,
Maiz,Pateado,Nitrogeno,Neutro,
Maiz,Pateado,Nitrogeno,Basico,
Maiz,Pateado,Nitrogeno,Muy basico,
Maiz,Pateado,Fosforo,Muy acido,
Maiz,Pateado,Fosforo,Acido,
Maiz,Pateado,Fosforo,Neutro,
Maiz,Pateado,Fosforo,Basico,
Maiz,Pateado,Fosforo,Muy basico,
Maiz,Pateado,Potasio,Muy acido,
Maiz,Pateado,Potasio,Acido,
Maiz,Pateado,Potasio,Neutro,
Maiz,Pateado,Potasio,Basico,
Maiz,Pateado,Potasio,Muy basico,
Maiz,Pateado,Calcio,Muy acido,
Maiz,Pateado,Calcio,Acido,
Maiz,Pateado,Calcio,Neutro,
Maiz,Pateado,Calcio,Basico,
Maiz,Pateado,Calcio,Muy basico,
Maiz,Pateado,Magnesio,Muy acido,
Maiz,Pateado,Magnesio,Acido,
Maiz,Pateado,Magnesio,Neutro,
Maiz,Pateado,Magnesio,Basico,
Maiz,Pateado,Magnesio,Muy basico,
Maiz,Pateado,Azufre,Muy acido,
Maiz,Pateado,Azufre,Acido,
Maiz,Pateado,Azufre,Neutro,
Maiz,Pateado,Azufre,Basico,
Maiz,Pateado,Azufre,Muy basico,
Maiz,Voleo,Nitrogeno,Muy acido,
Maiz,Voleo,Nitrogeno,Acido,
Maiz,Voleo,Nitrogeno,Neutro,0.5
Maiz,Voleo,Nitrogeno,Basico,
Maiz,Voleo,Nitrogeno,Muy basico,
Maiz,Voleo,Fosforo,Muy acido,
Maiz,Voleo,Fosforo,Acido,
Maiz,Voleo,Fosforo,Neutro,0.5
Maiz,Voleo,Fosforo,Basico,
Maiz,Voleo,Fosforo,Muy basico,
Maiz,Voleo,Potasio,Muy acido,
Maiz,Voleo,Potasio,Acido,
Maiz,Voleo,Potasio,Neutro,0.5
Maiz,Voleo,Potasio,Basico,
Maiz,Voleo,Potasio,Muy basico,
Maiz,Voleo,Calcio,Muy acido,
Maiz,Voleo,Calcio,Acido,
Maiz,Voleo,Calcio,Neutro,0.5
Maiz,Voleo,Calcio,Basico,
Maiz,Voleo,Calcio,Muy basico,
Maiz,Voleo,Magnesio,Muy acido,
Maiz,Voleo,Magnesio,Acido,
Maiz,Voleo,Magnesio,Neutro,0.5
Maiz,Voleo,Magnesio,Basico,
Maiz,Voleo,Magnesio,Muy basico,
Maiz,Voleo,Azufre,Muy acido,
Maiz,Voleo,Azufre,Acido,
Maiz,Voleo,Azufre,Neutro,0.5
Maiz,Voleo,Azufre,Basico,
Maiz,Voleo,Azufre,Muy basico,
Frijol,Enterrado,Nitrogeno,Muy acido,
Frijol,Enterrado,Nitrogeno,Acido,
Frijol,Enterrado,Nitrogeno,Neutro,
Frijol,Enterrado,Nitrogeno,Basico,
Frijol,Enterrado,Nitrogeno,Muy basico,
Frijol,Enterrado,Fosforo,Muy acido,
Frijol,Enterrado,Fosforo,Acido,
Frijol,Enterrado,Fosforo,Neutro,
Frijol,Enterrado,Fosforo,Basico,
Frijol,Enterrado,Fosforo,Muy basico,
Frijol,Enterrado,Potasio,Muy acido,
Frijol,Enterrado,Potasio,Acido,
Frijol,Enterrado,Potasio,Neutro,
Frijol,Enterrado,Potasio,Basico,
Frijol,Enterrado,Potasio,Muy basico,
Frijol,Enterrado,Calcio,Muy acido,
Frijol,Enterrado,Calcio,Acido,
Frijol,Enterrado,Calcio,Neutro,
Frijol,Enterrado,Calcio,Basico,
Frijol,Enterrado,Calcio,Muy basico,
Frijol,Enterrado,Magnesio,Muy acido,
Frijol,Enterrado,Magnesio,Acido,
Frijol,Enterrado,Magnesio,Neutro,
Frijol,Enterrado,Magnesio,Basico,
Frijol,Enterrado,Magnesio,Muy basico,
Frijol,Enterrado,Azufre,Muy acido,
Frijol,Enterrado,Azufre,Acido,
Frijol,Enterrado,Azufre,Neutro,
Frijol,Enterrado,Azufre,Basico,
Frijol,Enterrado,Azufre,Muy basico,
Frijol,Pateado,Nitrogeno,Muy acido,
Frijol,Pateado,Nitrogeno,Acido,
Frijol,Pateado,Nitrogeno,Neutro,
Frijol,Pateado,Nitrogeno,Basico,
Frijol,Pateado,Nitrogeno,Muy basico,
Frijol,Pateado,Fosforo,Muy acido,
Frijol,Pateado,Fosforo,Acido,
Frijol,Pateado,Fosforo,Neutro,
Frijol,Pateado,Fosforo,Basico,
Frijol,Pateado,Fosforo,Muy basico,
Frijol,Pateado,Potasio,Muy acido,
Frijol,Pateado,Potasio,Acido,
Frijol,Pateado,Potasio,Neutro,
Frijol,Pateado,Potasio,Basico,
Frijol,Pateado,Potasio,Muy basico,
Frijol,Pateado,Calcio,Muy acido,
Frijol,Pateado,Calcio,Acido,
Frijol,Pateado,Calcio,Neutro,
Frijol,Pateado,Calcio,Basico,
Frijol,Pateado,Calcio,Muy basico,
Frijol,Pateado,Magnesio,Muy acido,
Frijol,Pateado,Magnesio,Acido,
Frijol,Pateado,Magnesio,Neutro,
Frijol,Pateado,Magnesio,Basico,
Frijol,Pateado,Magnesio,Muy basico,
Frijol,Pateado,Azufre,Muy acido,
Frijol,Pateado,Azufre,Acido,
Frijol,Pateado,Azufre,Neutro,
Frijol,Pateado,Azufre,Basico,
Frijol,Pateado,Azufre,Muy basico,
Frijol,Voleo,Nitrogeno,Muy acido,
Frijol,Voleo,Nitrogeno,Acido,
Frijol,Voleo,Nitrogeno,Neutro,
Frijol,Voleo,Nitrogeno,Basico,
Frijol,Voleo,Nitrogeno,Muy basico,
Frijol,Voleo,Fosforo,Muy acido,
Frijol,Voleo,Fosforo,Acido,
Frijol,Voleo,Fosforo,Neutro,
Frijol,Voleo,Fosforo,Basico,
Frijol,Voleo,Fosforo,Muy basico,
Frijol,Voleo,Potasio,Muy acido,
Frijol,Voleo,Potasio,Acido,
Frijol,Voleo,Potasio,Neutro,
Frijol,Voleo,Potasio,Basico,
Frijol,Voleo,Potasio,Muy basico,
Frijol,Voleo,Calcio,Muy acido,
Frijol,Voleo,Calcio,Acido,
Frijol,Voleo,Calcio,Neutro,
Frijol,Voleo,Calcio,Basico,
Frijol,Voleo,Calcio,Muy basico,
Frijol,Voleo,Magnesio,Muy acido,
Frijol,Voleo,Magnesio,Acido,
Frijol,Voleo,Magnesio,Neutro,
Frijol,Voleo,Magnesio,Basico,
Frijol,Voleo,Magnesio,Muy basico,
Frijol,Voleo,Azufre,Muy acido,
Frijol,Voleo,Azufre,Acido,
Frijol,Voleo,Azufre,Neutro,
Frijol,Voleo,Azufre,Basico,
Frijol,Voleo,Azufre,Muy basico,
Trigo,Enterrado,Nitrogeno,Muy acido,
Trigo,Enterrado,Nitrogeno,Acido,
Trigo,Enterrado,Nitrogeno,Neutro,
Trigo,Enterrado,Nitrogeno,Basico,
Trigo,Enterrado,Nitrogeno,Muy basico,
Trigo,Enterrado,Fosforo,Muy acido,
Trigo,Enterrado,Fosforo,Acido,
Trigo,Enterrado,Fosforo,Neutro,
Trigo,Enterrado,Fosforo,Basico,
Trigo,Enterrado,Fosforo,Muy basico,
Trigo,Enterrado,Potasio,Muy acido,
Trigo,Enterrado,Potasio,Acido,
Trigo,Enterrado,Potasio,Neutro,
Trigo,Enterrado,Potasio,Basico,
Trigo,Enterrado,Potasio,Muy basico,
Trigo,Enterrado,Calcio,Muy acido,
Trigo,Enterrado,Calcio,Acido,
Trigo,Enterrado,Calcio,Neutro,
Trigo,Enterrado,Calcio,Basico,
Trigo,Enterrado,Calcio,Muy basico,
Trigo,Enterrado,Magnesio,Muy acido,
Trigo,Enterrado,Magnesio,Acido,
Trigo,Enterrado,Magnesio,Neutro,
Trigo,Enterrado,Magnesio,Basico,
Trigo,Enterrado,Magnesio,Muy basico,
Trigo,Enterrado,Azufre,Muy acido,
Trigo,Enterrado,Azufre,Acido,
Trigo,Enterrado,Azufre,Neutro,
Trigo,Enterrado,Azufre,Basico,
Trigo,Enterrado,Azufre,Muy basico,
Trigo,Pateado,Nitrogeno,Muy acido,
Trigo,Pateado,Nitrogeno,Acido,
Trigo,Pateado,Nitrogeno,Neutro,
Trigo,Pateado,Nitrogeno,Basico,
Trigo,Pateado,Nitrogeno,Muy basico,
Trigo,Pateado,Fosforo,Muy acido,
Trigo,Pateado,Fosforo,Acido,
Trigo,Pateado,Fosforo,Neutro,
Trigo,Pateado,Fosforo,Basico,
Trigo,Pateado,Fosforo,Muy basico,
Trigo,Pateado,Potasio,Muy acido,
Trigo,Pateado,Potasio,Acido,
Trigo,Pateado,Potasio,Neutro,
Trigo,Pateado,Potasio,Basico,
Trigo,Pateado,Potasio,Muy basico,
Trigo,Pateado,Calcio,Muy acido,
Trigo,Pateado,Calcio,Acido,
Trigo,Pateado,Calcio,Neutro,
Trigo,Pateado,Calcio,Basico,
Trigo,Pateado,Calcio,Muy basico,
Trigo,Pateado,Magnesio,Muy acido,
Trigo,Pateado,Magnesio,Acido,
Trigo,Pateado,Magnesio,Neutro,
Trigo,Pateado,Magnesio,Basico,
Trigo,Pateado,Magnesio,Muy basico,
Trigo,Pateado,Azufre,Muy acido,
Trigo,Pateado,Azufre,Acido,
Trigo,Pateado,Azufre,Neutro,
Trigo,Pateado,Azufre,Basico,
Trigo,Pateado,Azufre,Muy basico,
Trigo,Voleo,Nitrogeno,Muy acido,
Trigo,Voleo,Nitrogeno,Acido,
Trigo,Voleo,Nitrogeno,Neutro,
Trigo,Voleo,Nitrogeno,Basico,
Trigo,Voleo,Nitrogeno,Muy basico,
Trigo,Voleo,Fosforo,Muy acido,
Trigo,Voleo,Fosforo,Acido,
Trigo,Voleo,Fosforo,Neutro,
Trigo,Voleo,Fosforo,Basico,
Trigo,Voleo,Fosforo,Muy basico,
Trigo,Voleo,Potasio,Muy acido,
Trigo,Voleo,Potasio,Acido,
Trigo,Voleo,Potasio,Neutro,
Trigo,Voleo,Potasio,Basico,
Trigo,Voleo,Potasio,Muy basico,
Trigo,Voleo,Calcio,Muy acido,
Trigo,Voleo,Calcio,Acido,
Trigo,Voleo,Calcio,Neutro,
Trigo,Voleo,Calcio,Basico,
Trigo,Voleo,Calcio,Muy basico,
Trigo,Voleo,Magnesio,Muy acido,
Trigo,Voleo,Magnesio,Acido,
Trigo,Voleo,Magnesio,Neutro,
Trigo,Voleo,Magnesio,Basico,
Trigo,Voleo,Magnesio,Muy basico,
Trigo,Voleo,Azufre,Muy acido,
Trigo,Voleo,Azufre,Acido,
Trigo,Voleo,Azufre,Neutro,
Trigo,Voleo,Azufre,Basico,
Trigo,Voleo,Azufre,Muy basico,
Arroz,Enterrado,Nitrogeno,Muy acido,
Arroz,Enterrado,Nitrogeno,Acido,
Arroz,Enterrado,Nitrogeno,Neutro,
Arroz,Enterrado,Nitrogeno,Basico,
Arroz,Enterrado,Nitrogeno,Muy basico,
Arroz,Enterrado,Fosforo,Muy acido,
Arroz,Enterrado,Fosforo,Acido,
Arroz,Enterrado,Fosforo,Neutro,
Arroz,Enterrado,Fosforo,Basico,
Arroz,Enterrado,Fosforo,Muy basico,
Arroz,Enterrado,Potasio,Muy acido,
Arroz,Enterrado,Potasio,Acido,
Arroz,Enterrado,Potasio,Neutro,
Arroz,Enterrado,Potasio,Basico,
Arroz,Enterrado,Potasio,Muy basico,
Arroz,Enterrado,Calcio,Muy acido,
Arroz,Enterrado,Calcio,Acido,
Arroz,Enterrado,Calcio,Neutro,
Arroz,Enterrado,Calcio,Basico,
Arroz,Enterrado,Calcio,Muy basico,
Arroz,Enterrado,Magnesio,Muy acido,
Arroz,Enterrado,Magnesio,Acido,
Arroz,Enterrado,Magnesio,Neutro,
Arroz,Enterrado,Magnesio,Basico,
Arroz,Enterrado,Magnesio,Muy basico,
Arroz,Enterrado,Azufre,Muy acido,
Arroz,Enterrado,Azufre,Acido,
Arroz,Enterrado,Azufre,Neutro,
Arroz,Enterrado,Azufre,Basico,
Arroz,Enterrado,Azufre,Muy basico,
Arroz,Pateado,Nitrogeno,Muy acido,
Arroz,Pateado,Nitrogeno,Acido,
Arroz,Pateado,Nitrogeno,Neutro,
Arroz,Pateado,Nitrogeno,Basico,
Arroz,Pateado,Nitrogeno,Muy basico,
Arroz,Pateado,Fosforo,Muy acido,
Arroz,Pateado,Fosforo,Acido,
Arroz,Pateado,Fosforo,Neutro,
Arroz,Pateado,Fosforo,Basico,
Arroz,Pateado,Fosforo,Muy basico,
Arroz,Pateado,Potasio,Muy acido,
Arroz,Pateado,Potasio,Acido,
Arroz,Pateado,Potasio,Neutro,
Arroz,Pateado,Potasio,Basico,
Arroz,Pateado,Potasio,Muy basico,
Arroz,Pateado,Calcio,Muy acido,
Arroz,Pateado,Calcio,Acido,
Arroz,Pateado,Calcio,Neutro,
Arroz,Pateado,Calcio,Basico,
Arroz,Pateado,Calcio,Muy basico,
Arroz,Pateado,Magnesio,Muy acido,
Arroz,Pateado,Magnesio,Acido,
Arroz,Pateado,Magnesio,Neutro,
Arroz,Pateado,Magnesio,Basico,
Arroz,Pateado,Magnesio,Muy basico,
Arroz,Pateado,Azufre,Muy acido,
Arroz,Pateado,Azufre,Acido,
Arroz,Pateado,Azufre,Neutro,
Arroz,Pateado,Azufre,Basico,
Arroz,Pateado,Azufre,Muy basico,
Arroz,Voleo,Nitrogeno,Muy acido,
Arroz,Voleo,Nitrogeno,Acido,
Arroz,Voleo,Nitrogeno,Neutro,
Arroz,Voleo,Nitrogeno,Basico,
Arroz,Voleo,Nitrogeno,Muy basico,
Arroz,Voleo,Fosforo,Muy acido,
Arroz,Voleo,Fosforo,Acido,
Arroz,Voleo,Fosforo,Neutro,
Arroz,Voleo,Fosforo,Basico,
Arroz,Voleo,Fosforo,Muy basico,
Arroz,Voleo,Potasio,Muy acido,
Arroz,Voleo,Potasio,Acido,
Arroz,Voleo,Potasio,Neutro,
Arroz,Voleo,Potasio,Basico,
Arroz,Voleo,Potasio,Muy basico,
Arroz,Voleo,Calcio,Muy acido,
Arroz,Voleo,Calcio,Acido,
Arroz,Voleo,Calcio,Neutro,
Arroz,Voleo,Calcio,Basico,
Arroz,Voleo,Calcio,Muy basico,
Arroz,Voleo,Magnesio,Muy acido,
Arroz,Voleo,Magnesio,Acido,
Arroz,Voleo,Magnesio,Neutro,
Arroz,Voleo,Magnesio,Basico,
Arroz,Voleo,Magnesio,Muy basico,
Arroz,Voleo,Azufre,Muy acido,
Arroz,Voleo,Azufre,Acido,
Arroz,Voleo,Azufre,Neutro,
Arroz,Voleo,Azufre,Basico,
Arroz,Voleo,Azufre,Muy basico,
Cana_azucar,Enterrado,Nitrogeno,Muy acido,
Cana_azucar,Enterrado,Nitrogeno,Acido,
Cana_azucar,Enterrado,Nitrogeno,Neutro,
Cana_azucar,Enterrado,Nitrogeno,Basico,
Cana_azucar,Enterrado,Nitrogeno,Muy basico,
Cana_azucar,Enterrado,Fosforo,Muy acido,
Cana_azucar,Enterrado,Fosforo,Acido,
Cana_azucar,Enterrado,Fosforo,Neutro,
Cana_azucar,Enterrado,Fosforo,Basico,
Cana_azucar,Enterrado,Fosforo,Muy basico,
Cana_azucar,Enterrado,Potasio,Muy acido,
Cana_azucar,Enterrado,Potasio,Acido,
Cana_azucar,Enterrado,Potasio,Neutro,
Cana_azucar,Enterrado,Potasio,Basico,
Cana_azucar,Enterrado,Potasio,Muy basico,
Cana_azucar,Enterrado,Calcio,Muy acido,
Cana_azucar,Enterrado,Calcio,Acido,
Cana_azucar,Enterrado,Calcio,Neutro,
Cana_azucar,Enterrado,Calcio,Basico,
Cana_azucar,Enterrado,Calcio,Muy basico,
Cana_azucar,Enterrado,Magnesio,Muy acido,
Cana_azucar,Enterrado,Magnesio,Acido,
Cana_azucar,Enterrado,Magnesio,Neutro,
Cana_azucar,Enterrado,Magnesio,Basico,
Cana_azucar,Enterrado,Magnesio,Muy basico,
Cana_azucar,Enterrado,Azufre,Muy acido,
Cana_azucar,Enterrado,Azufre,Acido,
Cana_azucar,Enterrado,Azufre,Neutro,
Cana_azucar,Enterrado,Azufre,Basico,
Cana_azucar,Enterrado,Azufre,Muy basico,
Cana_azucar,Pateado,Nitrogeno,Muy acido,
Cana_azucar,Pateado,Nitrogeno,Acido,
Cana_azucar,Pateado,Nitrogeno,Neutro,
Cana_azucar,Pateado,Nitrogeno,Basico,
Cana_azucar,Pateado,Nitrogeno,Muy basico,
Cana_azucar,Pateado,Fosforo,Muy acido,
Cana_azucar,Pateado,Fosforo,Acido,
Cana_azucar,Pateado,Fosforo,Neutro,
Cana_azucar,Pateado,Fosforo,Basico,
Cana_azucar,Pateado,Fosforo,Muy basico,
Cana_azucar,Pateado,Potasio,Muy acido,
Cana_azucar,Pateado,Potasio,Acido,
Cana_azucar,Pateado,Potasio,Neutro,
Cana_azucar,Pateado,Potasio,Basico,
Cana_azucar,Pateado,Potasio,Muy basico,
Cana_azucar,Pateado,Calcio,Muy acido,
Cana_azucar,Pateado,Calcio,Acido,
Cana_azucar,Pateado,Calcio,Neutro,
Cana_azucar,Pateado,Calcio,Basico,
Cana_azucar,Pateado,Calcio,Muy basico,
Cana_azucar,Pateado,Magnesio,Muy acido,
Cana_azucar,Pateado,Magnesio,Acido,
Cana_azucar,Pateado,Magnesio,Neutro,
Cana_azucar,Pateado,Magnesio,Basico,
Cana_azucar,Pateado,Magnesio,Muy basico,
Cana_azucar,Pateado,Azufre,Muy acido,
Cana_azucar,Pateado,Azufre,Acido,
Cana_azucar,Pateado,Azufre,Neutro,
Cana_azucar,Pateado,Azufre,Basico,
Cana_azucar,Pateado,Azufre,Muy basico,
Cana_azucar,Voleo,Nitrogeno,Muy acido,
Cana_azucar,Voleo,Nitrogeno,Acido,
Cana_azucar,Voleo,Nitrogeno,Neutro,
Cana_azucar,Voleo,Nitrogeno,Basico,
Cana_azucar,Voleo,Nitrogeno,Muy basico,
Cana_azucar,Voleo,Fosforo,Muy acido,
Cana_azucar,Voleo,Fosforo,Acido,
Cana_azucar,Voleo,Fosforo,Neutro,
Cana_azucar,Voleo,Fosforo,Basico,
Cana_azucar,Voleo,Fosforo,Muy basico,
Cana_azucar,Voleo,Potasio,Muy acido,
Cana_azucar,Voleo,Potasio,Acido,
Cana_azucar,Voleo,Potasio,Neutro,
Cana_azucar,Voleo,Potasio,Basico,
Cana_azucar,Voleo,Potasio,Muy basico,
Cana_azucar,Voleo,Calcio,Muy acido,
Cana_azucar,Voleo,Calcio,Acido,
Cana_azucar,Voleo,Calcio,Neutro,
Cana_azucar,Voleo,Calcio,Basico,
Cana_azucar,Voleo,Calcio,Muy basico,
Cana_azucar,Voleo,Magnesio,Muy acido,
Cana_azucar,Voleo,Magnesio,Acido,
Cana_azucar,Voleo,Magnesio,Neutro,
Cana_azucar,Voleo,Magnesio,Basico,
Cana_azucar,Voleo,Magnesio,Muy basico,
Cana_azucar,Voleo,Azufre,Muy acido,
Cana_azucar,Voleo,Azufre,Acido,
Cana_azucar,Voleo,Azufre,Neutro,
Cana_azucar,Voleo,Azufre,Basico,
Cana_azucar,Voleo,Azufre,Muy basico,
Cafe,Enterrado,Nitrogeno,Muy acido,
Cafe,Enterrado,Nitrogeno,Acido,
Cafe,Enterrado,Nitrogeno,Neutro,
Cafe,Enterrado,Nitrogeno,Basico,
Cafe,Enterrado,Nitrogeno,Muy basico,
Cafe,Enterrado,Fosforo,Muy acido,
Cafe,Enterrado,Fosforo,Acido,
Cafe,Enterrado,Fosforo,Neutro,
Cafe,Enterrado,Fosforo,Basico,
Cafe,Enterrado,Fosforo,Muy basico,
Cafe,Enterrado,Potasio,Muy acido,
Cafe,Enterrado,Potasio,Acido,
Cafe,Enterrado,Potasio,Neutro,
Cafe,Enterrado,Potasio,Basico,
Cafe,Enterrado,Potasio,Muy basico,
Cafe,Enterrado,Calcio,Muy acido,
Cafe,Enterrado,Calcio,Acido,
Cafe,Enterrado,Calcio,Neutro,
Cafe,Enterrado,Calcio,Basico,
Cafe,Enterrado,Calcio,Muy basico,
Cafe,Enterrado,Magnesio,Muy acido,
Cafe,Enterrado,Magnesio,Acido,
Cafe,Enterrado,Magnesio,Neutro,
Cafe,Enterrado,Magnesio,Basico,
Cafe,Enterrado,Magnesio,Muy basico,
Cafe,Enterrado,Azufre,Muy acido,
Cafe,Enterrado,Azufre,Acido,
Cafe,Enterrado,Azufre,Neutro,
Cafe,Enterrado,Azufre,Basico,
Cafe,Enterrado,Azufre,Muy basico,
Cafe,Pateado,Nitrogeno,Muy acido,
Cafe,Pateado,Nitrogeno,Acido,
Cafe,Pateado,Nitrogeno,Neutro,
Cafe,Pateado,Nitrogeno,Basico,
Cafe,Pateado,Nitrogeno,Muy basico,
Cafe,Pateado,Fosforo,Muy acido,
Cafe,Pateado,Fosforo,Acido,
Cafe,Pateado,Fosforo,Neutro,
Cafe,Pateado,Fosforo,Basico,
Cafe,Pateado,Fosforo,Muy basico,
Cafe,Pateado,Potasio,Muy acido,
Cafe,Pateado,Potasio,Acido,
Cafe,Pateado,Potasio,Neutro,
Cafe,Pateado,Potasio,Basico,
Cafe,Pateado,Potasio,Muy basico,
Cafe,Pateado,Calcio,Muy acido,
Cafe,Pateado,Calcio,Acido,
Cafe,Pateado,Calcio,Neutro,
Cafe,Pateado,Calcio,Basico,
Cafe,Pateado,Calcio,Muy basico,
Cafe,Pateado,Magnesio,Muy acido,
Cafe,Pateado,Magnesio,Acido,
Cafe,Pateado,Magnesio,Neutro,
Cafe,Pateado,Magnesio,Basico,
Cafe,Pateado,Magnesio,Muy basico,
Cafe,Pateado,Azufre,Muy acido,
Cafe,Pateado,Azufre,Acido,
Cafe,Pateado,Azufre,Neutro,
Cafe,Pateado,Azufre,Basico,
Cafe,Pateado,Azufre,Muy basico,
Cafe,Voleo,Nitrogeno,Muy acido,
Cafe,Voleo,Nitrogeno,Acido,
Cafe,Voleo,Nitrogeno,Neutro,
Cafe,Voleo,Nitrogeno,Basico,
Cafe,Voleo,Nitrogeno,Muy basico,
Cafe,Voleo,Fosforo,Muy acido,
Cafe,Voleo,Fosforo,Acido,
Cafe,Voleo,Fosforo,Neutro,
Cafe,Voleo,Fosforo,Basico,
Cafe,Voleo,Fosforo,Muy basico,
Cafe,Voleo,Potasio,Muy acido,
Cafe,Voleo,Potasio,Acido,
Cafe,Voleo,Potasio,Neutro,
Cafe,Voleo,Potasio,Basico,
Cafe,Voleo,Potasio,Muy basico,
Cafe,Voleo,Calcio,Muy acido,
Cafe,Voleo,Calcio,Acido,
Cafe,Voleo,Calcio,Neutro,
Cafe,Voleo,Calcio,Basico,
Cafe,Voleo,Calcio,Muy basico,
Cafe,Voleo,Magnesio,Muy acido,
Cafe,Voleo,Magnesio,Acido,
Cafe,Voleo,Magnesio,Neutro,
Cafe,Voleo,Magnesio,Basico,
Cafe,Voleo,Magnesio,Muy basico,
Cafe,Voleo,Azufre,Muy acido,
Cafe,Voleo,Azufre,Acido,
Cafe,Voleo,Azufre,Neutro,
Cafe,Voleo,Azufre,Basico,
Cafe,Voleo,Azufre,Muy basico,
Avena,Enterrado,Nitrogeno,Muy acido,
Avena,Enterrado,Nitrogeno,Acido,
Avena,Enterrado,Nitrogeno,Neutro,
Avena,Enterrado,Nitrogeno,Basico,
Avena,Enterrado,Nitrogeno,Muy basico,
Avena,Enterrado,Fosforo,Muy acido,
Avena,Enterrado,Fosforo,Acido,
Avena,Enterrado,Fosforo,Neutro,
Avena,Enterrado,Fosforo,Basico,
Avena,Enterrado,Fosforo,Muy basico,
Avena,Enterrado,Potasio,Muy acido,
Avena,Enterrado,Potasio,Acido,
Avena,Enterrado,Potasio,Neutro,
Avena,Enterrado,Potasio,Basico,
Avena,Enterrado,Potasio,Muy basico,
Avena,Enterrado,Calcio,Muy acido,
Avena,Enterrado,Calcio,Acido,
Avena,Enterrado,Calcio,Neutro,
Avena,Enterrado,Calcio,Basico,
Avena,Enterrado,Calcio,Muy basico,
Avena,Enterrado,Magnesio,Muy acido,
Avena,Enterrado,Magnesio,Acido,
Avena,Enterrado,Magnesio,Neutro,
Avena,Enterrado,Magnesio,Basico,
Avena,Enterrado,Magnesio,Muy basico,
Avena,Enterrado,Azufre,Muy acido,
Avena,Enterrado,Azufre,Acido,
Avena,Enterrado,Azufre,Neutro,
Avena,Enterrado,Azufre,Basico,
Avena,Enterrado,Azufre,Muy basico,
Avena,Pateado,Nitrogeno,Muy acido,
Avena,Pateado,Nitrogeno,Acido,
Avena,Pateado,Nitrogeno,Neutro,
Avena,Pateado,Nitrogeno,Basico,
Avena,Pateado,Nitrogeno,Muy basico,
Avena,Pateado,Fosforo,Muy acido,
Avena,Pateado,Fosforo,Acido,
Avena,Pateado,Fosforo,Neutro,
Avena,Pateado,Fosforo,Basico,
Avena,Pateado,Fosforo,Muy basico,
Avena,Pateado,Potasio,Muy acido,
Avena,Pateado,Potasio,Acido,
Avena,Pateado,Potasio,Neutro,
Avena,Pateado,Potasio,Basico,
Avena,Pateado,Potasio,Muy basico,
Avena,Pateado,Calcio,Muy acido,
Avena,Pateado,Calcio,Acido,
Avena,Pateado,Calcio,Neutro,
Avena,Pateado,Calcio,Basico,
Avena,Pateado,Calcio,Muy basico,
Avena,Pateado,Magnesio,Muy acido,
Avena,Pateado,Magnesio,Acido,
Avena,Pateado,Magnesio,Neutro,
Avena,Pateado,Magnesio,Basico,
Avena,Pateado,Magnesio,Muy basico,
Avena,Pateado,Azufre,Muy acido,
Avena,Pateado,Azufre,Acido,
Avena,Pateado,Azufre,Neutro,
Avena,Pateado,Azufre,Basico,
Avena,Pateado,Azufre,Muy basico,
Avena,Voleo,Nitrogeno,Muy acido,
Avena,Voleo,Nitrogeno,Acido,
Avena,Voleo,Nitrogeno,Neutro,
Avena,Voleo,Nitrogeno,Basico,
Avena,Voleo,Nitrogeno,Muy basico,
Avena,Voleo,Fosforo,Muy acido,
Avena,Voleo,Fosforo,Acido,
Avena,Voleo,Fosforo,Neutro,
Avena,Voleo,Fosforo,Basico,
Avena,Voleo,Fosforo,Muy basico,
Avena,Voleo,Potasio,Muy acido,
Avena,Voleo,Potasio,Acido,
Avena,Voleo,Potasio,Neutro,
Avena,Voleo,Potasio,Basico,
Avena,Voleo,Potasio,Muy basico,
Avena,Voleo,Calcio,Muy acido,
Avena,Voleo,Calcio,Acido,
Avena,Voleo,Calcio,Neutro,
Avena,Voleo,Calcio,Basico,
Avena,Voleo,Calcio,Muy basico,
Avena,Voleo,Magnesio,Muy acido,
Avena,Voleo,Magnesio,Acido,
Avena,Voleo,Magnesio,Neutro,
Avena,Voleo,Magnesio,Basico,
Avena,Voleo,Magnesio,Muy basico,
Avena,Voleo,Azufre,Muy acido,
Avena,Voleo,Azufre,Acido,
Avena,Voleo,Azufre,Neutro,
Avena,Voleo,Azufre,Basico,
Avena,Voleo,Azufre,Muy basico,
Cebada,Enterrado,Nitrogeno,Muy acido,
Cebada,Enterrado,Nitrogeno,Acido,
Cebada,Enterrado,Nitrogeno,Neutro,
Cebada,Enterrado,Nitrogeno,Basico,
Cebada,Enterrado,Nitrogeno,Muy basico,
Cebada,Enterrado,Fosforo,Muy acido,
Cebada,Enterrado,Fosforo,Acido,
Cebada,Enterrado,Fosforo,Neutro,
Cebada,Enterrado,Fosforo,Basico,
Cebada,Enterrado,Fosforo,Muy basico,
Cebada,Enterrado,Potasio,Muy acido,
Cebada,Enterrado,Potasio,Acido,
Cebada,Enterrado,Potasio,Neutro,
Cebada,Enterrado,Potasio,Basico,
Cebada,Enterrado,Potasio,Muy basico,
Cebada,Enterrado,Calcio,Muy acido,
Cebada,Enterrado,Calcio,Acido,
Cebada,Enterrado,Calcio,Neutro,
Cebada,Enterrado,Calcio,Basico,
Cebada,Enterrado,Calcio,Muy basico,
Cebada,Enterrado,Magnesio,Muy acido,
Cebada,Enterrado,Magnesio,Acido,
Cebada,Enterrado,Magnesio,Neutro,
Cebada,Enterrado,Magnesio,Basico,
Cebada,Enterrado,Magnesio,Muy basico,
Cebada,Enterrado,Azufre,Muy acido,
Cebada,Enterrado,Azufre,Acido,
Cebada,Enterrado,Azufre,Neutro,
Cebada,Enterrado,Azufre,Basico,
Cebada,Enterrado,Azufre,Muy basico,
Cebada,Pateado,Nitrogeno,Muy acido,
Cebada,Pateado,Nitrogeno,Acido,
Cebada,Pateado,Nitrogeno,Neutro,
Cebada,Pateado,Nitrogeno,Basico,
Cebada,Pateado,Nitrogeno,Muy basico,
Cebada,Pateado,Fosforo,Muy acido,
Cebada,Pateado,Fosforo,Acido,
Cebada,Pateado,Fosforo,Neutro,
Cebada,Pateado,Fosforo,Basico,
Cebada,Pateado,Fosforo,Muy basico,
Cebada,Pateado,Potasio,Muy acido,
Cebada,Pateado,Potasio,Acido,
Cebada,Pateado,Potasio,Neutro,
Cebada,Pateado,Potasio,Basico,
Cebada,Pateado,Potasio,Muy basico,
Cebada,Pateado,Calcio,Muy acido,
Cebada,Pateado,Calcio,Acido,
Cebada,Pateado,Calcio,Neutro,
Cebada,Pateado,Calcio,Basico,
Cebada,Pateado,Calcio,Muy basico,
Cebada,Pateado,Magnesio,Muy acido,
Cebada,Pateado,Magnesio,Acido,
Cebada,Pateado,Magnesio,Neutro,
Cebada,Pateado,Magnesio,Basico,
Cebada,Pateado,Magnesio,Muy basico,
Cebada,Pateado,Azufre,Muy acido,
Cebada,Pateado,Azufre,Acido,
Cebada,Pateado,Azufre,Neutro,
Cebada,Pateado,Azufre,Basico,
Cebada,Pateado,Azufre,Muy basico,
Cebada,Voleo,Nitrogeno,Muy acido,
Cebada,Voleo,Nitrogeno,Acido,
Cebada,Voleo,Nitrogeno,Neutro,
Cebada,Voleo,Nitrogeno,Basico,
Cebada,Voleo,Nitrogeno,Muy basico,
Cebada,Voleo,Fosforo,Muy acido,
Cebada,Voleo,Fosforo,Acido,
Cebada,Voleo,Fosforo,Neutro,
Cebada,Voleo,Fosforo,Basico,
Cebada,Voleo,Fosforo,Muy basico,
Cebada,Voleo,Potasio,Muy acido,
Cebada,Voleo,Potasio,Acido,
Cebada,Voleo,Potasio,Neutro,
Cebada,Voleo,Potasio,Basico,
Cebada,Voleo,Potasio,Muy basico,
Cebada,Voleo,Calcio,Muy acido,
Cebada,Voleo,Calcio,Acido,
Cebada,Voleo,Calcio,Neutro,
Cebada,Voleo,Calcio,Basico,
Cebada,Voleo,Calcio,Muy basico,
Cebada,Voleo,Magnesio,Muy acido,
Cebada,Voleo,Magnesio,Acido,
Cebada,Voleo,Magnesio,Neutro,
Cebada,Voleo,Magnesio,Basico,
Cebada,Voleo,Magnesio,Muy basico,
Cebada,Voleo,Azufre,Muy acido,
Cebada,Voleo,Azufre,Acido,
Cebada,Voleo,Azufre,Neutro,
Cebada,Voleo,Azufre,Basico,
Cebada,Voleo,Azufre,Muy basico,
Chia,Enterrado,Nitrogeno,Muy acido,
Chia,Enterrado,Nitrogeno,Acido,
Chia,Enterrado,Nitrogeno,Neutro,
Chia,Enterrado,Nitrogeno,Basico,
Chia,Enterrado,Nitrogeno,Muy basico,
Chia,Enterrado,Fosforo,Muy acido,
Chia,Enterrado,Fosforo,Acido,
Chia,Enterrado,Fosforo,Neutro,
Chia,Enterrado,Fosforo,Basico,
Chia,Enterrado,Fosforo,Muy basico,
Chia,Enterrado,Potasio,Muy acido,
Chia,Enterrado,Potasio,Acido,
Chia,Enterrado,Potasio,Neutro,
Chia,Enterrado,Potasio,Basico,
Chia,Enterrado,Potasio,Muy basico,
Chia,Enterrado,Calcio,Muy acido,
Chia,Enterrado,Calcio,Acido,
Chia,Enterrado,Calcio,Neutro,
Chia,Enterrado,Calcio,Basico,
Chia,Enterrado,Calcio,Muy basico,
Chia,Enterrado,Magnesio,Muy acido,
Chia,Enterrado,Magnesio,Acido,
Chia,Enterrado,Magnesio,Neutro,
Chia,Enterrado,Magnesio,Basico,
Chia,Enterrado,Magnesio,Muy basico,
Chia,Enterrado,Azufre,Muy acido,
Chia,Enterrado,Azufre,Acido,
Chia,Enterrado,Azufre,Neutro,
Chia,Enterrado,Azufre,Basico,
Chia,Enterrado,Azufre,Muy basico,
Chia,Pateado,Nitrogeno,Muy acido,
Chia,Pateado,Nitrogeno,Acido,
Chia,Pateado,Nitrogeno,Neutro,
Chia,Pateado,Nitrogeno,Basico,
Chia,Pateado,Nitrogeno,Muy basico,
Chia,Pateado,Fosforo,Muy acido,
Chia,Pateado,Fosforo,Acido,
Chia,Pateado,Fosforo,Neutro,
Chia,Pateado,Fosforo,Basico,
Chia,Pateado,Fosforo,Muy basico,
Chia,Pateado,Potasio,Muy acido,
Chia,Pateado,Potasio,Acido,
Chia,Pateado,Potasio,Neutro,
Chia,Pateado,Potasio,Basico,
Chia,Pateado,Potasio,Muy basico,
Chia,Pateado,Calcio,Muy acido,
Chia,Pateado,Calcio,Acido,
Chia,Pateado,Calcio,Neutro,
Chia,Pateado,Calcio,Basico,
Chia,Pateado,Calcio,Muy basico,
Chia,Pateado,Magnesio,Muy acido,
Chia,Pateado,Magnesio,Acido,
Chia,Pateado,Magnesio,Neutro,
Chia,Pateado,Magnesio,Basico,
Chia,Pateado,Magnesio,Muy basico,
Chia,Pateado,Azufre,Muy acido,
Chia,Pateado,Azufre,Acido,
Chia,Pateado,Azufre,Neutro,
Chia,Pateado,Azufre,Basico,
Chia,Pateado,Azufre,Muy basico,
Chia,Voleo,Nitrogeno,Muy acido,
Chia,Voleo,Nitrogeno,Acido,
Chia,Voleo,Nitrogeno,Neutro,
Chia,Voleo,Nitrogeno,Basico,
Chia,Voleo,Nitrogeno,Muy basico,
Chia,Voleo,Fosforo,Muy acido,
Chia,Voleo,Fosforo,Acido,
Chia,Voleo,Fosforo,Neutro,
Chia,Voleo,Fosforo,Basico,
Chia,Voleo,Fosforo,Muy basico,
Chia,Voleo,Potasio,Muy acido,
Chia,Voleo,Potasio,Acido,
Chia,Voleo,Potasio,Neutro,
Chia,Voleo,Potasio,Basico,
Chia,Voleo,Potasio,Muy basico,
Chia,Voleo,Calcio,Muy acido,
Chia,Voleo,Calcio,Acido,
Chia,Voleo,Calcio,Neutro,
Chia,Voleo,Calcio,Basico,
Chia,Voleo,Calcio,Muy basico,
Chia,Voleo,Magnesio,Muy acido,
Chia,Voleo,Magnesio,Acido,
Chia,Voleo,Magnesio,Neutro,
Chia,Voleo,Magnesio,Basico,
Chia,Voleo,Magnesio,Muy basico,
Chia,Voleo,Azufre,Muy acido,
Chia,Voleo,Azufre,Acido,
Chia,Voleo,Azufre,Neutro,
Chia,Voleo,Azufre,Basico,
Chia,Voleo,Azufre,Muy basico,
Amaranto,Enterrado,Nitrogeno,Muy acido,
Amaranto,Enterrado,Nitrogeno,Acido,
Amaranto,Enterrado,Nitrogeno,Neutro,
Amaranto,Enterrado,Nitrogeno,Basico,
Amaranto,Enterrado,Nitrogeno,Muy basico,
Amaranto,Enterrado,Fosforo,Muy acido,
Amaranto,Enterrado,Fosforo,Acido,
Amaranto,Enterrado,Fosforo,Neutro,
Amaranto,Enterrado,Fosforo,Basico,
Amaranto,Enterrado,Fosforo,Muy basico,
Amaranto,Enterrado,Potasio,Muy acido,
Amaranto,Enterrado,Potasio,Acido,
Amaranto,Enterrado,Potasio,Neutro,
Amaranto,Enterrado,Potasio,Basico,
Amaranto,Enterrado,Potasio,Muy basico,
Amaranto,Enterrado,Calcio,Muy acido,
Amaranto,Enterrado,Calcio,Acido,
Amaranto,Enterrado,Calcio,Neutro,
Amaranto,Enterrado,Calcio,Basico,
Amaranto,Enterrado,Calcio,Muy basico,
Amaranto,Enterrado,Magnesio,Muy acido,
Amaranto,Enterrado,Magnesio,Acido,
Amaranto,Enterrado,Magnesio,Neutro,
Amaranto,Enterrado,Magnesio,Basico,
Amaranto,Enterrado,Magnesio,Muy basico,
Amaranto,Enterrado,Azufre,Muy acido,
Amaranto,Enterrado,Azufre,Acido,
Amaranto,Enterrado,Azufre,Neutro,
Amaranto,Enterrado,Azufre,Basico,
Amaranto,Enterrado,Azufre,Muy basico,
Amaranto,Pateado,Nitrogeno,Muy acido,
Amaranto,Pateado,Nitrogeno,Acido,
Amaranto,Pateado,Nitrogeno,Neutro,
Amaranto,Pateado,Nitrogeno,Basico,
Amaranto,Pateado,Nitrogeno,Muy basico,
Amaranto,Pateado,Fosforo,Muy acido,
Amaranto,Pateado,Fosforo,Acido,
Amaranto,Pateado,Fosforo,Neutro,
Amaranto,Pateado,Fosforo,Basico,
Amaranto,Pateado,Fosforo,Muy basico,
Amaranto,Pateado,Potasio,Muy acido,
Amaranto,Pateado,Potasio,Acido,
Amaranto,Pateado,Potasio,Neutro,
Amaranto,Pateado,Potasio,Basico,
Amaranto,Pateado,Potasio,Muy basico,
Amaranto,Pateado,Calcio,Muy acido,
Amaranto,Pateado,Calcio,Acido,
Amaranto,Pateado,Calcio,Neutro,
Amaranto,Pateado,Calcio,Basico,
Amaranto,Pateado,Calcio,Muy basico,
Amaranto,Pateado,Magnesio,Muy acido,
Amaranto,Pateado,Magnesio,Acido,
Amaranto,Pateado,Magnesio,Neutro,
Amaranto,Pateado,Magnesio,Basico,
Amaranto,Pateado,Magnesio,Muy basico,
Amaranto,Pateado,Azufre,Muy acido,
Amaranto,Pateado,Azufre,Acido,
Amaranto,Pateado,Azufre,Neutro,
Amaranto,Pateado,Azufre,Basico,
Amaranto,Pateado,Azufre,Muy basico,
Amaranto,Voleo,Nitrogeno,Muy acido,
Amaranto,Voleo,Nitrogeno,Acido,
Amaranto,Voleo,Nitrogeno,Neutro,
Amaranto,Voleo,Nitrogeno,Basico,
Amaranto,Voleo,Nitrogeno,Muy basico,
Amaranto,Voleo,Fosforo,Muy acido,
Amaranto,Voleo,Fosforo,Acido,
Amaranto,Voleo,Fosforo,Neutro,
Amaranto,Voleo,Fosforo,Basico,
Amaranto,Voleo,Fosforo,Muy basico,
Amaranto,Voleo,Potasio,Muy acido,
Amaranto,Voleo,Potasio,Acido,
Amaranto,Voleo,Potasio,Neutro,
Amaranto,Voleo,Potasio,Basico,
Amaranto,Voleo,Potasio,Muy basico,
Amaranto,Voleo,Calcio,Muy acido,
Amaranto,Voleo,Calcio,Acido,
Amaranto,Voleo,Calcio,Neutro,
Amaranto,Voleo,Calcio,Basico,
Amaranto,Voleo,Calcio,Muy basico,
Amaranto,Voleo,Magnesio,Muy acido,
Amaranto,Voleo,Magnesio,Acido,
Amaranto,Voleo,Magnesio,Neutro,
Amaranto,Voleo,Magnesio,Basico,
Amaranto,Voleo,Magnesio,Muy basico,
Amaranto,Voleo,Azufre,Muy acido,
Amaranto,Voleo,Azufre,Acido,
Amaranto,Voleo,Azufre,Neutro,
Amaranto,Voleo,Azufre,Basico,
Amaranto,Voleo,Azufre,Muy basico,
